nome_cliente;via;Città;Cap;Provincia;titolare_azienda;recapiti_mail;ANNO;IMPONIBILE;
(NON USARE) - ANTORAF SRL Società Unipersonale;VIA SPINETO 14/O/P;Loc. Piane di FALERONE;63837;FM;ANDREA VERDUCCI;"massimo@antoraf.it;produzione@antoraf.it";2023;94,73;
(NON USARE) CALZIFICIO CHIARA di Giannelli Marco;P.ZA PRIMICELI 22 - ZONA A.E.V.;RACALE;73055;LE;MARCO GIANNELLI;"gmcalzificiochiara@tiscali.it;calzificiochiara@gmail.com;";2023;2983,87;
(NON USARE) DE IACO RITA Calzificio;VIA MONTE CERVINO, 10 Z.I.;MELISSANO;73040;LE;;calzificiodeiaco@hotmail.com;2023;4773,61;
A.F. Maglieria Alberini s.n.c.;Via D.G. Dossetti 1;Gonzaga;46023;MN;ALBERINI;"alberto@afmaglieria.it; info@afmaglieria.it";2024;1305,54;
A.F. Maglieria Alberini s.n.c.;Via D.G. Dossetti 1;Gonzaga;46023;MN;ALBERINI;"alberto@afmaglieria.it; info@afmaglieria.it";2025;518,88;
ACHILLE VALERA LISSONI s.r.l.;VIA NANDO TINTORRI 19/23;CONCOREZZO;20863;MB;ANDREA LISSONI - LARA = 338 7219495;"andrea.lissoni@valera.it; 'valera - acquisti' <acquisti@valera.it>";2024;1799,68;
AGAV SRL;VIA F.LLI CERVI 7/9;GERNO DI LESMO;20855;MB;Edoardo Viganò;michela@agavsrl.it;2023;15038,89;
AGAV SRL;VIA F.LLI CERVI 7/9;GERNO DI LESMO;20855;MB;Edoardo Viganò;michela@agavsrl.it;2024;17428,16;
AGAV SRL;VIA F.LLI CERVI 7/9;GERNO DI LESMO;20855;MB;Edoardo Viganò;michela@agavsrl.it;2025;1318,72;
ALBA & CO di Potenza Lucialba ;VIA XXV LUGLIO, 16;MELISSANO;73040;LE;"CRISTINA; Daniele";amministrazione@alba-co.it;2023;4474,43;
ALBA & CO di Potenza Lucialba ;VIA XXV LUGLIO, 16;MELISSANO;73040;LE;"CRISTINA; Daniele";amministrazione@alba-co.it;2024;1242,78;
ALBERTO BARDAZZI SPA;VIA TOSCANA 9/11 - Z.I. MACROLOTTO;PRATO;59100;PO;FEDERICO VALENTE - Sandro Meoni;s.meoni@bardazzi.it;2023;46217,42;
ALBERTO BARDAZZI SPA;VIA TOSCANA 9/11 - Z.I. MACROLOTTO;PRATO;59100;PO;FEDERICO VALENTE - Sandro Meoni;s.meoni@bardazzi.it;2024;32129,47;
ALBERTO BARDAZZI SPA;VIA TOSCANA 9/11 - Z.I. MACROLOTTO;PRATO;59100;PO;FEDERICO VALENTE - Sandro Meoni;s.meoni@bardazzi.it;2025;5077,5;
ALMA SRL;VIA DANIELE MANIN 69;MESTRE;30174;VE;DANILO - MARIAGRAZIA;"andria@nastrificioalma.it; produzione@nastrificioalma.it";2024;760,36;
ALMA SRL;VIA DANIELE MANIN 69;MESTRE;30174;VE;DANILO - MARIAGRAZIA;"andria@nastrificioalma.it; produzione@nastrificioalma.it";2025;2121,9;
ALPIN CORAP SAN. TIC. A.S.;Bakir ve Pirinc San. Sit. Mustafa Kurtoglu Cad.18;Beylikduzu, Istanbul  TURKEY;34520;;MESUT ALYAKUT;mesut@alpincorap.com.tr;2023;17339,82;
ALPIN CORAP SAN. TIC. A.S.;Bakir ve Pirinc San. Sit. Mustafa Kurtoglu Cad.18;Beylikduzu, Istanbul  TURKEY;34520;;MESUT ALYAKUT;mesut@alpincorap.com.tr;2024;89477,31;
ALPIN CORAP SAN. TIC. A.S.;Bakir ve Pirinc San. Sit. Mustafa Kurtoglu Cad.18;Beylikduzu, Istanbul  TURKEY;34520;;MESUT ALYAKUT;mesut@alpincorap.com.tr;2025;54527,53;
AMAL CALZE SOC. COOP.;Via dei Ciclamini, 16;RACALE;73055;LE;;amalcalzificio@gmail.com;2024;2176,16;
AMAL CALZE SOC. COOP.;Via dei Ciclamini, 16;RACALE;73055;LE;;amalcalzificio@gmail.com;2025;3195,45;
AMBROFIBRE 97 SRL;VIA GALVANI, 14;CASTIGLIONE DELLE STIVIERE;46043;MN;NATASCIA commerciale@ambrofibre.it;commerciale@ambrofibre.it;2023;7197,6;
AMBROFIBRE 97 SRL;VIA GALVANI, 14;CASTIGLIONE DELLE STIVIERE;46043;MN;NATASCIA commerciale@ambrofibre.it;commerciale@ambrofibre.it;2024;2244,62;
AMMEGA ITALIA S.P.A.;VIA TRIESTE 16;MATHI;10075;TO;DANIELA GIACOMELLI -FEDERICO AIROLA;"fabrizio.chiarle@ammega.com;federico.airola@ammega.com";2023;17280,03;
AMMEGA ITALIA S.P.A.;VIA TRIESTE 16;MATHI;10075;TO;DANIELA GIACOMELLI -FEDERICO AIROLA;"fabrizio.chiarle@ammega.com;federico.airola@ammega.com";2025;17358,01;
ANDREONI SRL;VIA A. PACINOTTI, 3;VILLASANTA;20852;MB;MATTIA BURINI-LUISA ANDREONI-NADIA;"mattia.burini@andreonisnc.it;fornitori@andreonisnc.it";2023;5642,16;
ANTORAF S.R.L.  ;VIA SPINETO 14/O/P;Loc. Piane di FALERONE;63837;FM;ANDREA VERDUCCI;"info@antoraf.it;massimo@antoraf.it;produzione@antoraf.it";2023;56,3;
ANTORAF S.R.L.  ;VIA SPINETO 14/O/P;Loc. Piane di FALERONE;63837;FM;ANDREA VERDUCCI;"info@antoraf.it;massimo@antoraf.it;produzione@antoraf.it";2024;768,96;
ANTORAF S.R.L.  ;VIA SPINETO 14/O/P;Loc. Piane di FALERONE;63837;FM;ANDREA VERDUCCI;"info@antoraf.it;massimo@antoraf.it;produzione@antoraf.it";2025;200;
ARPEX TEXTILES S.R.L.;Via Foggia, 47;Barletta;76121;BT;GiuseppeMusti-CinziaGambatesa-Valer;posta@arpexsrl.it;2024;26458,51;
ARPEX TEXTILES S.R.L.;Via Foggia, 47;Barletta;76121;BT;GiuseppeMusti-CinziaGambatesa-Valer;posta@arpexsrl.it;2025;20625,21;
ARTEMISIA SRL;STRADA ACQUAFREDDA 14 L/K;CASTEL GOFFREDO ;46042;MN;;programmazione@intimoartemisia.com;2023;376,6;
ARTEMISIA SRL;STRADA ACQUAFREDDA 14 L/K;CASTEL GOFFREDO ;46042;MN;;programmazione@intimoartemisia.com;2024;377;
ATHENA CALZE SRL;VIA VIRGILIO 90;CASTEL GOFFREDO;46042;MN;DENISE ACCORSI;denise@athenacalze.it;2025;593,12;
BATTAGLIO Cav. NORBERTO;VIA G. DI VITTORIO 13;CASTELMELLA;25030;BS;Cav. NORBERTO padre  CLAUDIOfiglio;claudiobattaglio@alice.it;2023;2017,81;
BATTAGLIO Cav. NORBERTO;VIA G. DI VITTORIO 13;CASTELMELLA;25030;BS;Cav. NORBERTO padre  CLAUDIOfiglio;claudiobattaglio@alice.it;2024;1949,38;
BATTAGLIO Cav. NORBERTO;VIA G. DI VITTORIO 13;CASTELMELLA;25030;BS;Cav. NORBERTO padre  CLAUDIOfiglio;claudiobattaglio@alice.it;2025;5618,2;
BEST CALZE S.R.L.;S.P.ANDRIA-TRANI KM 2,20-CONTRADA LAMAPAOLA Z.I.;ANDRIA;76123;BT;SIG.VINCENZO-MICHELE;"info@bestcalze.com; ufficiocommerciale@bestcalze.com";2024;202,8;
BOTA NV;STADIONLAAN 12-16;DEINZE-BELGIUM;9800;;PHILIPPE MOERKENS;"pms@bota.be; info@bota.be ";2024;758,58;
BREITEX GMBH;DITTERSDORFER STR. 18;AMTSBERG - GERMANY;9439;;;"m.oertel@breitex.de, m.wenige@breitex.de; h.kopper-wilhelm@breitex.de";2023;7380,57;
BREITEX GMBH;DITTERSDORFER STR. 18;AMTSBERG - GERMANY;9439;;;"m.oertel@breitex.de, m.wenige@breitex.de; h.kopper-wilhelm@breitex.de";2024;4418,65;
BREITEX GMBH;DITTERSDORFER STR. 18;AMTSBERG - GERMANY;9439;;;"m.oertel@breitex.de, m.wenige@breitex.de; h.kopper-wilhelm@breitex.de";2025;2107,55;
Bettina Sam;Avenue Crovetto Frères, 2 B.P. 808;Monaco Cedex;98012;;Diego Miseria;"miseria@bettina.mc; robbiati@bettina.mc;";2023;1020,25;
Bettina Sam;Avenue Crovetto Frères, 2 B.P. 808;Monaco Cedex;98012;;Diego Miseria;"miseria@bettina.mc; robbiati@bettina.mc;";2024;11110,55;
Bettina Sam;Avenue Crovetto Frères, 2 B.P. 808;Monaco Cedex;98012;;Diego Miseria;"miseria@bettina.mc; robbiati@bettina.mc;";2025;1932,48;
C&Ld S.R.L.;Via Papa Roncalli, 21/23; Borgo San Giacomo;25022;BS;Denis Este;"info@calzificiocld.it; denis.este@calzificiocld.it";2023;-188,35;
CAGE s.a.s. di De Biase Alessia & C.;CONTRADA TORRE - ZONA INDUSTRIALE;LATRONICO;85043;PZ;DE BIASE EGIDIO;cagecalze@tiscali.it;2023;4683,71;
CAGE s.a.s. di De Biase Alessia & C.;CONTRADA TORRE - ZONA INDUSTRIALE;LATRONICO;85043;PZ;DE BIASE EGIDIO;cagecalze@tiscali.it;2024;2756,67;
CAGE s.a.s. di De Biase Alessia & C.;CONTRADA TORRE - ZONA INDUSTRIALE;LATRONICO;85043;PZ;DE BIASE EGIDIO;cagecalze@tiscali.it;2025;565,54;
CAL. DI PARABIAGO M.RE DE PAOLINI SPA;VIA SANTA MARIA 60;PARABIAGO;20015;MI;MONICA GUERRI-GIOVANNI LEGRENZI;"monica.guerri@rede.it; giovanni.legrenzi@rede.it";2023;42098,52;
CALZE HORUS di Paiano Quintino;VIA P.CAPANO, 56;RACALE;73055;LE;QUINTINO;quintinopaiano@gmail.com;2023;5280,53;
CALZE HORUS di Paiano Quintino;VIA P.CAPANO, 56;RACALE;73055;LE;QUINTINO;quintinopaiano@gmail.com;2024;2880,18;
CALZE HORUS di Paiano Quintino;VIA P.CAPANO, 56;RACALE;73055;LE;QUINTINO;quintinopaiano@gmail.com;2025;3014,07;
CALZIFICIO ANSON SNC di Verardi Vito, Anna e Sonia;VIA PROV.LE RACALE - MELISSANO 133;RACALE;73055;LE;SIG.RA SONIA - GABRIELLA - ILARIA;"ilaria@anson.it;gabriella@anson.it; enrica@anson.it";2023;27265,92;
CALZIFICIO ANSON SNC di Verardi Vito, Anna e Sonia;VIA PROV.LE RACALE - MELISSANO 133;RACALE;73055;LE;SIG.RA SONIA - GABRIELLA - ILARIA;"ilaria@anson.it;gabriella@anson.it; enrica@anson.it";2024;23907,88;
CALZIFICIO ANSON SNC di Verardi Vito, Anna e Sonia;VIA PROV.LE RACALE - MELISSANO 133;RACALE;73055;LE;SIG.RA SONIA - GABRIELLA - ILARIA;"ilaria@anson.it;gabriella@anson.it; enrica@anson.it";2025;9961,4;
CALZIFICIO BAGGINI SNC;VIA GIACOMO VERDI 7/9;OGGIONA CON SANTO STEFANO;21040;VA;;info@calzificiobaggini.it;2024;677,17;
CALZIFICIO BAGGINI SNC;VIA GIACOMO VERDI 7/9;OGGIONA CON SANTO STEFANO;21040;VA;;info@calzificiobaggini.it;2025;1496,25;
CALZIFICIO BAGNATO SRL;VIA G. MATTEOTTI 61;RACALE;73055;LE;LUIGI E GRAZIANO;info@bagnatocalze.it;2023;158,85;
CALZIFICIO BAGNATO SRL;VIA G. MATTEOTTI 61;RACALE;73055;LE;LUIGI E GRAZIANO;info@bagnatocalze.it;2024;6506,46;
CALZIFICIO BAGNATO SRL;VIA G. MATTEOTTI 61;RACALE;73055;LE;LUIGI E GRAZIANO;info@bagnatocalze.it;2025;3533,07;
CALZIFICIO CENEDESE SAS DI CENEDESE FRANCESCO & C.;VIA SAN DANIELE 61;COLFOSCO DI SUSEGANA;31030;TV;FRANCESCO CENEDESE;calzificiocenedese@gmail.com;2025;1112,38;
CALZIFICIO CHIARA SRL;PIAZZA PRIMICERI ZONA A.E.V. 22;RACALE;73055;LE;;"gmcalzificiochiara@tiscali.it;calzificiochiara@gmail.com;";2023;526,13;
CALZIFICIO COCCIA ANGELO & C. SNC;VIA BOSCHETTO 10-12;RAPAGNANO;63831;FM;ANDREA;"info@calzecoccia.it;calzecoccia@libero.it";2023;282,04;
CALZIFICIO DANY SRL;Via Padre G. Piamarta 3/B;Bagnolo Mella;25021;BS;Daniele Gritti;"info@calzificiodany.it; daniele@calzificiodany.it; ";2023;17191,87;
CALZIFICIO DANY SRL;Via Padre G. Piamarta 3/B;Bagnolo Mella;25021;BS;Daniele Gritti;"info@calzificiodany.it; daniele@calzificiodany.it; ";2024;7840,73;
CALZIFICIO DANY SRL;Via Padre G. Piamarta 3/B;Bagnolo Mella;25021;BS;Daniele Gritti;"info@calzificiodany.it; daniele@calzificiodany.it; ";2025;4749,49;
CALZIFICIO DE IACO RITA DI SCOZZI SALVATORE;VIA MONTE CERVINO, 10 Z.I.;MELISSANO;73040;LE;SOCZZI SALVATORE;calzificiodeiaco@hotmail.com;2024;4174,16;
CALZIFICIO DE IACO RITA DI SCOZZI SALVATORE;VIA MONTE CERVINO, 10 Z.I.;MELISSANO;73040;LE;SOCZZI SALVATORE;calzificiodeiaco@hotmail.com;2025;2872,42;
CALZIFICIO EURO S.R.L.;VIA AVIS, 6;CASALOLDO;46040;MN;SIG.LUCA CERETTI;calzificioeurosrl@libero.it;2025;1917,13;
CALZIFICIO ILARY SRL;VIA DON ZANETTI 12/14;VISANO;25010;BS;GIANNI SILVIA ERICA CRISTINA;uff.tecnico@ilarygroup.com;2023;9265,12;
CALZIFICIO ILARY SRL;VIA DON ZANETTI 12/14;VISANO;25010;BS;GIANNI SILVIA ERICA CRISTINA;uff.tecnico@ilarygroup.com;2024;6277,41;
CALZIFICIO ILARY SRL;VIA DON ZANETTI 12/14;VISANO;25010;BS;GIANNI SILVIA ERICA CRISTINA;uff.tecnico@ilarygroup.com;2025;367,19;
CALZIFICIO ITALIANO SRL;Via Verdi, 68;PAINA DI GIUSSANO;20833;MB;ERMINIA GATTI;"carlo.gatti@marcoliani.it; erminia.gatti@marcoliani.it";2023;332,5;
CALZIFICIO LAURA DI BUSI FABIO;Via Dante 1;BOTTICINO SERA;25082;BS;SIG.BUSI SERGIO-FABIO;calzificiolaura@gmail.com;2023;498,15;
CALZIFICIO LAURA DI BUSI FABIO;Via Dante 1;BOTTICINO SERA;25082;BS;SIG.BUSI SERGIO-FABIO;calzificiolaura@gmail.com;2024;300,31;
CALZIFICIO LAURA DI BUSI FABIO;Via Dante 1;BOTTICINO SERA;25082;BS;SIG.BUSI SERGIO-FABIO;calzificiolaura@gmail.com;2025;355,42;
CALZIFICIO M BRESCIANI SRL;VIA CAMPO ROMANO 34/36;SPIRANO ;24050;BG;MARIO BRESCIANI;"info@bresciani.it;f.bresciani@bresciani.it; carla@bresciani.it";2023;13732,14;
CALZIFICIO M BRESCIANI SRL;VIA CAMPO ROMANO 34/36;SPIRANO ;24050;BG;MARIO BRESCIANI;"info@bresciani.it;f.bresciani@bresciani.it; carla@bresciani.it";2024;12391,31;
CALZIFICIO M BRESCIANI SRL;VIA CAMPO ROMANO 34/36;SPIRANO ;24050;BG;MARIO BRESCIANI;"info@bresciani.it;f.bresciani@bresciani.it; carla@bresciani.it";2025;7616,25;
CALZIFICIO M&G S.R.L.;VIA MONTE CERVINO Z.I.;MELISSANO;73040;LE;;calzificiomegsrl@libero.it;2023;1906,92;
CALZIFICIO M&G S.R.L.;VIA MONTE CERVINO Z.I.;MELISSANO;73040;LE;;calzificiomegsrl@libero.it;2024;5775,28;
CALZIFICIO M&G S.R.L.;VIA MONTE CERVINO Z.I.;MELISSANO;73040;LE;;calzificiomegsrl@libero.it;2025;3527,71;
CALZIFICIO PEDACI ANTONIO;C.DA GHIANDA TORTA, s.n.;ACQUARICA DEL CAPO;73040;LE;Pedaci Antonio, Annalisa 3929976642;"antoniopedaci@pedaci.com; produzione@pedaci.com";2023;373924,99;
CALZIFICIO PEDACI ANTONIO;C.DA GHIANDA TORTA, s.n.;ACQUARICA DEL CAPO;73040;LE;Pedaci Antonio, Annalisa 3929976642;"antoniopedaci@pedaci.com; produzione@pedaci.com";2024;437895,19;
CALZIFICIO PEDACI ANTONIO;C.DA GHIANDA TORTA, s.n.;ACQUARICA DEL CAPO;73040;LE;Pedaci Antonio, Annalisa 3929976642;"antoniopedaci@pedaci.com; produzione@pedaci.com";2025;220350,35;
CALZIFICIO PEZZINI SRL;VIA STATI UNITI 40;CASTEL GOFFREDO;46042;MN;CARMELO - DANIELE;"carmelo@calzificiopezzini.it;amministrazione@calzificiopezzini.it; luca@calzificiopezzini.it";2023;6797,33;
CALZIFICIO PEZZINI SRL;VIA STATI UNITI 40;CASTEL GOFFREDO;46042;MN;CARMELO - DANIELE;"carmelo@calzificiopezzini.it;amministrazione@calzificiopezzini.it; luca@calzificiopezzini.it";2024;23617,81;
CALZIFICIO PEZZINI SRL;VIA STATI UNITI 40;CASTEL GOFFREDO;46042;MN;CARMELO - DANIELE;"carmelo@calzificiopezzini.it;amministrazione@calzificiopezzini.it; luca@calzificiopezzini.it";2025;3862,49;
CALZIFICIO PM SNC;VIA FOSCOLO, 58/B;GHEDI;25016;BS;Francesco Owusu - Elena Calvetti;commerciale@calzificiopm.it;2023;3993,43;
CALZIFICIO PRISCO SRL;VIA INDUSTRIALE 15/17;LOGRATO ;25030;BS;ENRICA MORANDI 392/4900391 BagnoloM;enricamorandi@calzificioprisco.it;2023;42016,22;
CALZIFICIO PRISCO SRL;VIA INDUSTRIALE 15/17;LOGRATO ;25030;BS;ENRICA MORANDI 392/4900391 BagnoloM;enricamorandi@calzificioprisco.it;2024;30926,08;
CALZIFICIO PRISCO SRL;VIA INDUSTRIALE 15/17;LOGRATO ;25030;BS;ENRICA MORANDI 392/4900391 BagnoloM;enricamorandi@calzificioprisco.it;2025;20474,76;
CALZIFICIO REBORN;PROV. ALLISTE - FELINE Z.I. ;ALLISTE ;73040;LE;RENATO;angelospiri@gmail.com;2023;25,92;
CALZIFICIO TELEMACO SRL;VIA BRENTELLA 9;TREVIGNANO;31040;TV;Chiara Favotto ;chiara@calzificiotelemaco.it;2023;5509,85;
CALZIFICIO TELEMACO SRL;VIA BRENTELLA 9;TREVIGNANO;31040;TV;Chiara Favotto ;chiara@calzificiotelemaco.it;2024;11436,78;
CALZIFICIO TELEMACO SRL;VIA BRENTELLA 9;TREVIGNANO;31040;TV;Chiara Favotto ;chiara@calzificiotelemaco.it;2025;830,7;
CASTO GROUP SRLS;VIA COSTA, 74;RACALE;73055;LE;;info@castogroup.it;2023;6719,55;
CATEX SRL;VIALE EUROPA 91/3-92 LOC. CASALGUIDI;SERRAVALLE PISTOIESE;51034;PT;SAMUELE TASSELLI;"tessitura@ca-tex.com;ca-tex@ca-tex.com";2023;9239,45;
CATEX SRL;VIALE EUROPA 91/3-92 LOC. CASALGUIDI;SERRAVALLE PISTOIESE;51034;PT;SAMUELE TASSELLI;"tessitura@ca-tex.com;ca-tex@ca-tex.com";2024;5634,05;
CATEX SRL;VIALE EUROPA 91/3-92 LOC. CASALGUIDI;SERRAVALLE PISTOIESE;51034;PT;SAMUELE TASSELLI;"tessitura@ca-tex.com;ca-tex@ca-tex.com";2025;10858,05;
CIOCCA SPA;VIA LUIGI CIOCCA 11;QUINZANO D'OGLIO;25027;BS;SIMONA (0309925905 BRUNO)mariagraz.;"filati@ciocca.it; info@cioccastore.it; ddt.filati@ciocca.it;";2023;45818,24;
CIOCCA SPA;VIA LUIGI CIOCCA 11;QUINZANO D'OGLIO;25027;BS;SIMONA (0309925905 BRUNO)mariagraz.;"filati@ciocca.it; info@cioccastore.it; ddt.filati@ciocca.it;";2024;25453,35;
CIOCCA SPA;VIA LUIGI CIOCCA 11;QUINZANO D'OGLIO;25027;BS;SIMONA (0309925905 BRUNO)mariagraz.;"filati@ciocca.it; info@cioccastore.it; ddt.filati@ciocca.it;";2025;14532,56;
CIZETA MEDICALI SPA;VIA IV NOVEMBRE 46;CUGGIONO;20012;MI;"RESSE; PICOLLO; COLOMBO 0297218136";"damiano.damico@cizetamedicali.com; sonia.casartelli@cizetamedicali.com";2023;6917,7;
CIZETA MEDICALI SPA;VIA IV NOVEMBRE 46;CUGGIONO;20012;MI;"RESSE; PICOLLO; COLOMBO 0297218136";"damiano.damico@cizetamedicali.com; sonia.casartelli@cizetamedicali.com";2024;12350,14;
CIZETA MEDICALI SPA;VIA IV NOVEMBRE 46;CUGGIONO;20012;MI;"RESSE; PICOLLO; COLOMBO 0297218136";"damiano.damico@cizetamedicali.com; sonia.casartelli@cizetamedicali.com";2025;3008,85;
Calzificio Braga Srl;Via Ferri 8;Borgosatollo;25010;BS;;"braga@bragasocks.it; marco@bragasocks.it";2024;658,35;
Calzificio Conte Di Conte Rodolfo;Via Alcide de Gasperi, 51;Melissano;73040;LE;;calzedelconte@gmail.com;2023;662,4;
Calzificio Conte Di Conte Rodolfo;Via Alcide de Gasperi, 51;Melissano;73040;LE;;calzedelconte@gmail.com;2024;1414,33;
Calzificio Conte Di Conte Rodolfo;Via Alcide de Gasperi, 51;Melissano;73040;LE;;calzedelconte@gmail.com;2025;1065,14;
DAC SRL;VIA MONTE SANTO 44/A;RACALE;73055;LE;SIG. DARIO;"dac@calzedac.it;";2023;12796,9;
DAC SRL;VIA MONTE SANTO 44/A;RACALE;73055;LE;SIG. DARIO;"dac@calzedac.it;";2024;19201,9;
DAC SRL;VIA MONTE SANTO 44/A;RACALE;73055;LE;SIG. DARIO;"dac@calzedac.it;";2025;3613,6;
DCTEXTIL S.r.l.s ;VIA SAN DANIELE 58;SUSEGANA;31030;TV;DANIELE CENEDESE;"daniele@cenedese.eu; daniele.cenedese@gmail.com";2025;2978,54;
DEA DI GRAZIELLA FRANCIOSO;VIA NAPOLI 6;RACALE;73055;LE;Fabrizio;pisanellofabrizio@gmail.com;2023;1921,42;
DISTRETTO73 SRL;VIA A. D'ANDREA 11;LECCE;73100;LE;LUIGI TOMA;luigi@distretto73.it;2024;560,43;
DUBLO SRL;VIA DELLA STAZIONE KM 6;LATINA SCALO;4013;LT;claudiodaldin massimo marini-Dalila;ufficioacquisti@dublo.it;2023;84846,81;
DUBLO SRL;VIA DELLA STAZIONE KM 6;LATINA SCALO;4013;LT;claudiodaldin massimo marini-Dalila;ufficioacquisti@dublo.it;2024;47312,77;
DUBLO SRL;VIA DELLA STAZIONE KM 6;LATINA SCALO;4013;LT;claudiodaldin massimo marini-Dalila;ufficioacquisti@dublo.it;2025;35306,83;
ELAS s.r.o.;Vetrna 418;Hradek nad Nisou;46334;;;dana.zdrazilova@elas.cz;2023;964,45;
ELAS s.r.o.;Vetrna 418;Hradek nad Nisou;46334;;;dana.zdrazilova@elas.cz;2024;840,55;
EMMETEX ITALIA SNC DI MARMO N. & C.;VIA BARLETTA, 214;ANDRIA;76123;BT;SIG. MARMO - STEFANIA;produzione@emmetexitalia.com;2023;20881,34;
EMMETEX ITALIA SNC DI MARMO N. & C.;VIA BARLETTA, 214;ANDRIA;76123;BT;SIG. MARMO - STEFANIA;produzione@emmetexitalia.com;2024;22019,61;
EMMETEX ITALIA SNC DI MARMO N. & C.;VIA BARLETTA, 214;ANDRIA;76123;BT;SIG. MARMO - STEFANIA;produzione@emmetexitalia.com;2025;8714,42;
EMY CALZE S.R.L.;VIA MEDOLE 48/E;CASTIGLIONE DELLE STIVIERE;46043;MN;Simone;orders@emycalze.it;2024;974,8;
EMY CALZE S.R.L.;VIA MEDOLE 48/E;CASTIGLIONE DELLE STIVIERE;46043;MN;Simone;orders@emycalze.it;2025;896,5;
ESSITY BSN-JOBST GmbH ;BEIERSDORFSTR. 1;EMMERICH AM RHEIN;46446;;;sebastian.klasen@essity.com;2023;890,18;
ESSITY BSN-JOBST GmbH ;BEIERSDORFSTR. 1;EMMERICH AM RHEIN;46446;;;sebastian.klasen@essity.com;2024;462,08;
EUROELAST SRL;VIA MAMELI 2;CASATENOVO;23880;LC;EMANUELE 338 5290222 DANIELA: TEL.2;info@euroelast.it;2023;11547,74;
EUROELAST SRL;VIA MAMELI 2;CASATENOVO;23880;LC;EMANUELE 338 5290222 DANIELA: TEL.2;info@euroelast.it;2024;849,1;
EUROELAST SRL;VIA MAMELI 2;CASATENOVO;23880;LC;EMANUELE 338 5290222 DANIELA: TEL.2;info@euroelast.it;2025;1724,81;
Erzgebirgssocks GmbH;Strasse der Einheit 260;D-09423 Gelenau - Germany;;;brigitte.wendler;"brigitte.wendler@online.de; ";2024;660,2;
F.A.M.I. TEX SRL;VIA FIRENZE 13/B;CHIUDUNO;24060;BG;;"info@famitex.it; info@famitex.it";2025;50;
F.lli Lanza snc di Lanza Luigi & C.;Via Paolo Veronese, 132;Melissano;73040;LE;;lanzacalze@libero.it;2024;1402,6;
FACI di Falzoni Luigi & C. SNC;CORSO ROMA 87;CILAVEGNA;27024;PV;ROMINA;info@facisnc.it;2023;4879,24;
FACI di Falzoni Luigi & C. SNC;CORSO ROMA 87;CILAVEGNA;27024;PV;ROMINA;info@facisnc.it;2024;7650,5;
FACI di Falzoni Luigi & C. SNC;CORSO ROMA 87;CILAVEGNA;27024;PV;ROMINA;info@facisnc.it;2025;6694,64;
FEETNESS SRL;VIA DELL'ARTIGIANATO 47;TRAVAGLIATO;25039;BS;SERGIO BORBONI/FABIO VARISCO/ILARIA; sergio@feetness.it;2023;-1236,51;
FGP S.r.l.;Via A. Volta, 3;Dossobuono;37062;VR;Gianfranco Rosignoli;fgp@fgpsrl.it;2023;60;
FGP S.r.l.;Via A. Volta, 3;Dossobuono;37062;VR;Gianfranco Rosignoli;fgp@fgpsrl.it;2024;30;
FILARTEX SPA;Via Firenze 13;Palazzolo s/Oglio;25036;BS;MauroBonadei-Anna(exLored i5/4)-Tea;"mauro.bonadei@filartex.it;loredana.belotti@filartex.it;marisa.patelli@filartex.it";2023;16856,55;
FILARTEX SPA;Via Firenze 13;Palazzolo s/Oglio;25036;BS;MauroBonadei-Anna(exLored i5/4)-Tea;"mauro.bonadei@filartex.it;loredana.belotti@filartex.it;marisa.patelli@filartex.it";2024;6403,97;
FILATI ELASTICI MAGHINA SRL;VIA MARCONI 54;SAN PAOLO;25020;BS;GABRIELLA GIUSY SERGIO;maghina@maghina.it;2023;62277,16;
FILATI ELASTICI MAGHINA SRL;VIA MARCONI 54;SAN PAOLO;25020;BS;GABRIELLA GIUSY SERGIO;maghina@maghina.it;2024;64992,5;
FILATI ELASTICI MAGHINA SRL;VIA MARCONI 54;SAN PAOLO;25020;BS;GABRIELLA GIUSY SERGIO;maghina@maghina.it;2025;50311,64;
FILELMO S.r.l.;Via della Repubblica, 1/B;INVERUNO;20001;MI;;"filelmo@filelmo.com; info@filelmo.com";2025;150;
FILMAR SPA;VIA DE GASPERI 65;ZOCCO D'ERBUSCO;25030;BS;BOSELLI STEFANO - CRISTINA PEDRONI;"stefano.boselli@filmar.it;pc43@filmar.it;laboratorio@filmar.it;bolle.tintorie@filmar.it";2023;17124,66;
FILMAR SPA;VIA DE GASPERI 65;ZOCCO D'ERBUSCO;25030;BS;BOSELLI STEFANO - CRISTINA PEDRONI;"stefano.boselli@filmar.it;pc43@filmar.it;laboratorio@filmar.it;bolle.tintorie@filmar.it";2024;6455,48;
FILMAR SPA;VIA DE GASPERI 65;ZOCCO D'ERBUSCO;25030;BS;BOSELLI STEFANO - CRISTINA PEDRONI;"stefano.boselli@filmar.it;pc43@filmar.it;laboratorio@filmar.it;bolle.tintorie@filmar.it";2025;2078,04;
FINOTEX ITALIA SRL;VIA DELLE GRIGNE, 17;LOCATE VARESINO;22070;CO;SIG. FINOLI ENZO;enzo@finotex.net;2023;3485,5;
FINOTEX ITALIA SRL;VIA DELLE GRIGNE, 17;LOCATE VARESINO;22070;CO;SIG. FINOLI ENZO;enzo@finotex.net;2024;2042,65;
FINOTEX ITALIA SRL;VIA DELLE GRIGNE, 17;LOCATE VARESINO;22070;CO;SIG. FINOLI ENZO;enzo@finotex.net;2025;2549,61;
FLAVIATEX SRL Unipersonale;VIA UMBRIA 3/B;CASTELGOFFREDO;46042;MN;SARA MARZOCCHI - ANNA MADELLA;"sara@flaviatex.it; anna@flaviatex.it";2025;501,02;
FLEX TEX SRL;VIA GIULIO ZAPPA 11/13;BESANA BRIANZA;20842;MB;DANIELA VITALE (amm);"daniela@flextex.it; info@flextex.it";2023;1016,29;
FLEX TEX SRL;VIA GIULIO ZAPPA 11/13;BESANA BRIANZA;20842;MB;DANIELA VITALE (amm);"daniela@flextex.it; info@flextex.it";2024;561;
FLEX TEX SRL;VIA GIULIO ZAPPA 11/13;BESANA BRIANZA;20842;MB;DANIELA VITALE (amm);"daniela@flextex.it; info@flextex.it";2025;459,17;
GENESI SRL;VIA W. TOBAGI 37;CASALOLDO;46040;MN;PAOLA CURTI INT. 3;acquisti@genesi-seamless.it;2023;440,2;
GEROPA SPORT NV;KAPELSTRAAT 75;HAMONT-ACHEL -  BELGIUM;3930;;Patrick Doms +32495245494;"patrick@geropa.be; info@geropa.be; charlotte@geropa.be; info@geropa.be";2023;133,68;
GEROPA SPORT NV;KAPELSTRAAT 75;HAMONT-ACHEL -  BELGIUM;3930;;Patrick Doms +32495245494;"patrick@geropa.be; info@geropa.be; charlotte@geropa.be; info@geropa.be";2024;1497,56;
GEROPA SPORT NV;KAPELSTRAAT 75;HAMONT-ACHEL -  BELGIUM;3930;;Patrick Doms +32495245494;"patrick@geropa.be; info@geropa.be; charlotte@geropa.be; info@geropa.be";2025;58,45;
GERPOL SP Z O. O.;UL KATARZYNóW 1a;99-400 Lowicz;;;;"wioleta@gerpol.be; patrick@geropa.be; patrick@geropa.be; sourcing@gerpol.be;";2024;50118,98;
GERPOL SP Z O. O.;UL KATARZYNóW 1a;99-400 Lowicz;;;;"wioleta@gerpol.be; patrick@geropa.be; patrick@geropa.be; sourcing@gerpol.be;";2025;57990,77;
GEVAERT BANDWEVERIJ NV;INDUSTRIELAAN 18-22;DEINZE - BELGIUM;B9800;;STEFAN KINDEKENSstefan.kindekens@ge;"stefan.kindekens@gevaertband.be; ilse.dick@gevaertband.be; fien.hautekiet@gevaertband.be;";2023;26734,44;
GEVAERT BANDWEVERIJ NV;INDUSTRIELAAN 18-22;DEINZE - BELGIUM;B9800;;STEFAN KINDEKENSstefan.kindekens@ge;"stefan.kindekens@gevaertband.be; ilse.dick@gevaertband.be; fien.hautekiet@gevaertband.be;";2024;33769,07;
GEVAERT BANDWEVERIJ NV;INDUSTRIELAAN 18-22;DEINZE - BELGIUM;B9800;;STEFAN KINDEKENSstefan.kindekens@ge;"stefan.kindekens@gevaertband.be; ilse.dick@gevaertband.be; fien.hautekiet@gevaertband.be;";2025;9657,8;
GLORIA MED SPA;VIA A. DIAZ 7;MENAGGIO;22017;CO;ING. PEROSCHI - GABRIELE M- MARCO M;g.mazzucchi@gloriamed.it;2024;8133,98;
GLORIA MED SPA;VIA A. DIAZ 7;MENAGGIO;22017;CO;ING. PEROSCHI - GABRIELE M- MARCO M;g.mazzucchi@gloriamed.it;2025;7880,65;
GRUPPO DONDI SPA;VIA BUDRIONE MIGLIARINA PARTE EST, 2/A;FOSSOLI;41012;MO;GUIDO CAPELLI - CINZIA MANNINA;"guido.capelli@dondijersey.com; fatture@dondijersey.com";2024;1388,56;
HAINE OÜ;Puiestee 13b;Tartu;50303;;Olga Truuse ;olga@haine.ee;2025;61,54;
HENITEX INTERNATIONAL;ZI DE LA VILLETTE, 999 RUE LOUISE MICHEL;RIORGES;42153;;PIERRE GUERIN;"maud.haudricourt@henitex.fr;pierre.guerin@henitex.fr";2023;402,29;
I.R.T.E. SRL;VIA NOVA 66;TRECATE;28069;NO;ZANOTTI ENRICO comm.MAURA prod. MAT;info@irtetrecate.it;2023;159051,64;
I.R.T.E. SRL;VIA NOVA 66;TRECATE;28069;NO;ZANOTTI ENRICO comm.MAURA prod. MAT;info@irtetrecate.it;2024;57138,45;
I.R.T.E. SRL;VIA NOVA 66;TRECATE;28069;NO;ZANOTTI ENRICO comm.MAURA prod. MAT;info@irtetrecate.it;2025;33544,59;
IHLE STRUMPF GMBH;Reuterweg 1 Gewerbepark Heinzebank;Wolkenstein - Germany;9429;;Alexander Burow ;"sven.richter@ihle-strumpf.de; jens.sprunk@ihle-strumpf.de;";2023;2448,96;
IHLE STRUMPF GMBH;Reuterweg 1 Gewerbepark Heinzebank;Wolkenstein - Germany;9429;;Alexander Burow ;"sven.richter@ihle-strumpf.de; jens.sprunk@ihle-strumpf.de;";2024;4020,27;
IHLE STRUMPF GMBH;Reuterweg 1 Gewerbepark Heinzebank;Wolkenstein - Germany;9429;;Alexander Burow ;"sven.richter@ihle-strumpf.de; jens.sprunk@ihle-strumpf.de;";2025;4657,26;
IN LINE DI SMUSSI CHRISTIAN & C. S.N.C.;VIA ARTIGIANALE 41;BOTTICINO SERA ;25082;BS;EMANUELA ANDREA;inline@wz-international.com;2025;315,74;
INCANTO INDUSTRIES DOO;Marsala Tita 45;Celarevo - Serbia;21413;;ANDREA PIZZOCOLO 340.8102946.;"indijana.grbic@realknitting.eu;";2023;17050,08;
INCANTO INDUSTRIES DOO;Marsala Tita 45;Celarevo - Serbia;21413;;ANDREA PIZZOCOLO 340.8102946.;"indijana.grbic@realknitting.eu;";2024;10825,81;
INCANTO INDUSTRIES DOO;Marsala Tita 45;Celarevo - Serbia;21413;;ANDREA PIZZOCOLO 340.8102946.;"indijana.grbic@realknitting.eu;";2025;8775,46;
INNEX SRL;VIA DELL'UNIONE EUROPEA, 6;BARLETTA;76121;BT;PIETRO DITERLIZZI +39 3804534464;"pietro.diterlizzi@innex.it;info@innex.it";2023;806,4;
INTERSOCKS D.O.O.;RESKA CESTA 29;KOCEVJE - SLOVENIJA;1330;;MAJA TOMC;"federico.altini@intersocks.com; andrea.antifora@intersocks.com;";2023;3163,24;
INTERSOCKS D.O.O.;RESKA CESTA 29;KOCEVJE - SLOVENIJA;1330;;MAJA TOMC;"federico.altini@intersocks.com; andrea.antifora@intersocks.com;";2024;2405,9;
INTERSOCKS D.O.O.;RESKA CESTA 29;KOCEVJE - SLOVENIJA;1330;;MAJA TOMC;"federico.altini@intersocks.com; andrea.antifora@intersocks.com;";2025;1898,68;
INTERSOCKS S.R.L. a Socio Unico;VIA TRENTINO 19-21, Z.I. S. GIACOMO DI VEGLIA;VITTORIO VENETO;31029;TV;INGRID-ROBERTA 0437983833 (X05-47);"elena.debastiani@intersocks.com; beslind.bajselmani@intersocks.com; roberta.cavallet@intersocks.com;";2023;14143,73;
INTERSOCKS S.R.L. a Socio Unico;VIA TRENTINO 19-21, Z.I. S. GIACOMO DI VEGLIA;VITTORIO VENETO;31029;TV;INGRID-ROBERTA 0437983833 (X05-47);"elena.debastiani@intersocks.com; beslind.bajselmani@intersocks.com; roberta.cavallet@intersocks.com;";2024;6657,32;
INTERSOCKS S.R.L. a Socio Unico;VIA TRENTINO 19-21, Z.I. S. GIACOMO DI VEGLIA;VITTORIO VENETO;31029;TV;INGRID-ROBERTA 0437983833 (X05-47);"elena.debastiani@intersocks.com; beslind.bajselmani@intersocks.com; roberta.cavallet@intersocks.com;";2025;9534,89;
Johannes Breitfeld;Annaberger Str. 3;D-09471 Bärenstein - Germany;;;brigitte.wendler;brigitte.wendler@online.de;2024;379,91;
KESSLER STRÜMPFE GMBH;Hauptstraße 74;Limbach-Oberfrohna;9212;;;"mail@kessler-struempfe.de; info@kessler-socks.com;";2025;545,54;
KYORITSU ITALIA S.R.L.;Corso Buenos Aires 77;Milano;20124;MI;FABIANA LANTIERI;"f.lantieri@kyoritsu-seni.co.jp;";2025;3901,81;
LA BLU SRL;VIA MONTE BIANCO Z.I.;MELISSANO ;73040;LE;PATRIZIA CORSANO;"patrizia.corsano@tiscali.it; ";2023;30822,71;
LA BLU SRL;VIA MONTE BIANCO Z.I.;MELISSANO ;73040;LE;PATRIZIA CORSANO;"patrizia.corsano@tiscali.it; ";2024;42716,64;
LA BLU SRL;VIA MONTE BIANCO Z.I.;MELISSANO ;73040;LE;PATRIZIA CORSANO;"patrizia.corsano@tiscali.it; ";2025;25718,16;
LEMUR SPA;VIA VOLTA 27;ALA;38061;TN;THOMAS KLOTZ;"info@lemur-italy.com; katia.bazzanella@lemur-italy.com";2023;13911,5;
LIMONTA & LIMONTA S.R.L.;Via Marzabotto 12,14,16;Vimercate;20871;MB;SIG. RENZO;info@limontaelimonta.com;2024;2154,69;
La R.T.B. Di Dettali Riccardo ;Via Cavour 97/a;Castiglione delle Stiviere;46043;MN;Riccardo - St 339 7206431;lartbfilati@gmail.com;2024;2424,84;
MAGLIFICIO PO SRL c/Socio Unico;VIA ASIAGO, 59/8;TORINO;10142;TO;;"commerciale.it@oscalito.it; acquisti@oscalito.it";2024;62,13;
MANIFATTURA CANTU' EGIZIO SNC;VIA OBIZZONE, 36;BERNAREGGIO ;20881;MB;SIG. VITTORIO CANTU';vittorio.cantu@cantuegizio.it;2024;3922,21;
MANIFATTURA MARIS SRL ;VIA OTTO MARZO, 54;CARPENEDOLO;25013;BS;ALESSANDRO-ALBERTO FAGANELLI;acquisti@maris.it;2023;23813,16;
MANIFATTURA MARIS SRL ;VIA OTTO MARZO, 54;CARPENEDOLO;25013;BS;ALESSANDRO-ALBERTO FAGANELLI;acquisti@maris.it;2024;40433,23;
MANIFATTURA MARIS SRL ;VIA OTTO MARZO, 54;CARPENEDOLO;25013;BS;ALESSANDRO-ALBERTO FAGANELLI;acquisti@maris.it;2025;53886,48;
MARCEL LIEBAERT NV;INDUSTRIELAAN 1;DEINZE - BELGIUM;9800;;LUC DE VOS Luc.deVos@liebaert.com;invoices@liebaert.com;2023;11981,69;
MARCEL LIEBAERT NV;INDUSTRIELAAN 1;DEINZE - BELGIUM;9800;;LUC DE VOS Luc.deVos@liebaert.com;invoices@liebaert.com;2024;27680,14;
MARCEL LIEBAERT NV;INDUSTRIELAAN 1;DEINZE - BELGIUM;9800;;LUC DE VOS Luc.deVos@liebaert.com;invoices@liebaert.com;2025;10255,67;
MARINA CALZE S.R.L.;VIA G. VERDI 11;RACALE;73055;LE;NADIA COI;info@ci-enne.it;2023;294,27;
MARINA CALZE S.R.L.;VIA G. VERDI 11;RACALE;73055;LE;NADIA COI;info@ci-enne.it;2024;840,31;
MICO SPORT SPA;VIA STRETTA 161;BRESCIA;25136;BS;ALBERTO CORTINOVIS 3357237406;"alberto@mico.it;laura@mico.it";2023;118136,52;
MICO SPORT SPA;VIA STRETTA 161;BRESCIA;25136;BS;ALBERTO CORTINOVIS 3357237406;"alberto@mico.it;laura@mico.it";2024;102202,9;
MICO SPORT SPA;VIA STRETTA 161;BRESCIA;25136;BS;ALBERTO CORTINOVIS 3357237406;"alberto@mico.it;laura@mico.it";2025;53787,12;
MONNET SAS;RUE DU PETIT BOIS 71;MONTCEAU LES MINES - FRANCE;71300;;GERARD BRANCHER;gerard.brancher@monnet-sports.com;2024;579,4;
MONNET SAS;RUE DU PETIT BOIS 71;MONTCEAU LES MINES - FRANCE;71300;;GERARD BRANCHER;gerard.brancher@monnet-sports.com;2025;4932,83;
Manifattura San Biagio Srl;ZONA INDUSTRIALE LOTTO N. 2;CORSANO;73033;LE;LUIGI DEFRANCESCO;"info@calzificiosanbiagio.it; msanbiagio@gmail.com;";2024;3253,08;
Manifattura San Biagio Srl;ZONA INDUSTRIALE LOTTO N. 2;CORSANO;73033;LE;LUIGI DEFRANCESCO;"info@calzificiosanbiagio.it; msanbiagio@gmail.com;";2025;7074,72;
Mauri Angelo S.r.l.;Via Giuseppe Garibaldi, 55;Lentate sul Seveso;20823;MI;WALTER MAURI, FEDERICO MAURI;claudia@mauriangelo.it;2024;77,41;
NASTRIFICIO VICTOR SPA;Copernico 5/7/9/11/13  C. P. 101/B;PIOVE DI SACCO;35028;PD;SARTORI ANGELO - MICHELA - REGINA;victor@victor.it;2024;30;
NASTRIFICIO ZINGONIA SRL;VIALE LONDRA;ZINGONIA;24040;BG;SIG.ROBERTO-FRANCO;"info@nastrificiozingonia.com;acquisti@nastrificiozingonia.com;m.defilippis@nastrificiozingonia.com";2023;18470,58;
NASTROTEX CUFRA SPA;STRADA STATALE SONCINESE 2;COVO;24050;BG;BARBARA CUFRA-CINZIA MORONI-CATELLO;"acquisti@nastrotex-cufra.it; barbara.cucchi@nastrotex-cufra.it";2023;47635,04;
NASTROTEX CUFRA SPA;STRADA STATALE SONCINESE 2;COVO;24050;BG;BARBARA CUFRA-CINZIA MORONI-CATELLO;"acquisti@nastrotex-cufra.it; barbara.cucchi@nastrotex-cufra.it";2024;110122,98;
NASTROTEX CUFRA SPA;STRADA STATALE SONCINESE 2;COVO;24050;BG;BARBARA CUFRA-CINZIA MORONI-CATELLO;"acquisti@nastrotex-cufra.it; barbara.cucchi@nastrotex-cufra.it";2025;17800,2;
NEW KOKO'S  SRL;VIA DELL'INDUSTRIA 28;ALPAGO;32016;BL;Stefania Dal Pont, Donatella Desalv;"stefania@newkokos.it; donatella@newkokos.it";2023;5742,64;
NEW KOKO'S  SRL;VIA DELL'INDUSTRIA 28;ALPAGO;32016;BL;Stefania Dal Pont, Donatella Desalv;"stefania@newkokos.it; donatella@newkokos.it";2024;5293,22;
NORMAN SRL;VIA GRECIA 2/4;CASTELGOFFREDO ;46042;MN;LIANA-ELENA(Cont.)-FRANC.O(Colori);"liana.colla@normansrl.com; giuseppe.sidoti@normansrl.com; alessia.baldo@normansrl.com";2023;24270,51;
NORMAN SRL;VIA GRECIA 2/4;CASTELGOFFREDO ;46042;MN;LIANA-ELENA(Cont.)-FRANC.O(Colori);"liana.colla@normansrl.com; giuseppe.sidoti@normansrl.com; alessia.baldo@normansrl.com";2024;41784,43;
NORMAN SRL;VIA GRECIA 2/4;CASTELGOFFREDO ;46042;MN;LIANA-ELENA(Cont.)-FRANC.O(Colori);"liana.colla@normansrl.com; giuseppe.sidoti@normansrl.com; alessia.baldo@normansrl.com";2025;11485,9;
NUOVA CALZE REGIA SRL;VIA SONIGA, 3;NUVOLENTO;25080;BS;SIG.RA GEMMA-SIG.ZANETTI-SIG.ROMMI;"info@calzeregia.it; stefano@calzeregia.it";2023;99208,1;
NUOVA CALZE REGIA SRL;VIA SONIGA, 3;NUVOLENTO;25080;BS;SIG.RA GEMMA-SIG.ZANETTI-SIG.ROMMI;"info@calzeregia.it; stefano@calzeregia.it";2024;72657,24;
NUOVA CALZE REGIA SRL;VIA SONIGA, 3;NUVOLENTO;25080;BS;SIG.RA GEMMA-SIG.ZANETTI-SIG.ROMMI;"info@calzeregia.it; stefano@calzeregia.it";2025;97948,46;
NY - NEW YARN SRL;VIA SVIZZERA 38;CASTEL GOFFREDO;46042;MN;FABIO DAMIANI;info@newyarn.it ;2023;20567,72;
NY - NEW YARN SRL;VIA SVIZZERA 38;CASTEL GOFFREDO;46042;MN;FABIO DAMIANI;info@newyarn.it ;2024;13196,35;
NY - NEW YARN SRL;VIA SVIZZERA 38;CASTEL GOFFREDO;46042;MN;FABIO DAMIANI;info@newyarn.it ;2025;8876,77;
NYFIL S.R.L.;VIA DELL'ARTIGIANATO, 69;MONTICHIARI;25018;BS;;d.leoni@nyfil.eu;2023;3842,09;
NYFIL S.R.L.;VIA DELL'ARTIGIANATO, 69;MONTICHIARI;25018;BS;;d.leoni@nyfil.eu;2025;2367,92;
NYTEX SRL;VIA LISNETTA 27;CASTELGOFFREDO;46042;MN;Bertola Roberto;"info@nytex.it; roberto.gorgaini@gmail.com";2023;1651,47;
NYTEX SRL;VIA LISNETTA 27;CASTELGOFFREDO;46042;MN;Bertola Roberto;"info@nytex.it; roberto.gorgaini@gmail.com";2025;777,73;
Nastrificio Be Ra Tex srl;Via Campagna, 158;Galliera Veneta;35015;PD;beratex@beratex.it;"commerciale@beratex.it, acquisti@beratex.it; beratex@beratex.it";2024;5465,07;
Nastrificio Be Ra Tex srl;Via Campagna, 158;Galliera Veneta;35015;PD;beratex@beratex.it;"commerciale@beratex.it, acquisti@beratex.it; beratex@beratex.it";2025;3732,41;
Nastrificio De Bernardi S.r.l.;Via Monte Grappa, 83-85;Concorezzo;20863;MB;Sig. Piero;piero@nastrificiodebernardi.com;2023;11252,61;
Nastrificio De Bernardi S.r.l.;Via Monte Grappa, 83-85;Concorezzo;20863;MB;Sig. Piero;piero@nastrificiodebernardi.com;2024;27434,61;
PERRIN S.A.;12 RUE DE VERDUN;MONTCEAU LES MINES - FRANCIA;71300;;CLAUDE BLANCHARD;claude.blanchard@manufacture-perrin.com;2025;1521,2;
PIEFFE SPORT SNC;VIA DEL FIORDALISO 10;BOVOLONE;37051;VR;LARA-PAOLO;info@pieffesport.it;2024;286,74;
PINORI FILATI S.P.A.;Via Eugenio Gestri, 19;Prato;59100;PO;ALBERTO BARBANI-RENATO 40 (ITMA 23);"info@pinori.it; alberto barbani <a.barbani@pinori.it>";2023;1674,72;
PINORI FILATI S.P.A.;Via Eugenio Gestri, 19;Prato;59100;PO;ALBERTO BARBANI-RENATO 40 (ITMA 23);"info@pinori.it; alberto barbani <a.barbani@pinori.it>";2024;871,45;
PIROLA PASSAMANERIE SRL;VIA LEONARDO DA VINCI 56/58;CASSANO D'ADDA;20062;MI;;"pirola@passamaneriapirola.com; ";2023;1240,36;
PIROLA PASSAMANERIE SRL;VIA LEONARDO DA VINCI 56/58;CASSANO D'ADDA;20062;MI;;"pirola@passamaneriapirola.com; ";2025;696,74;
PLEAS S.R.O.;Havírská 144;Havlíckuv Brod-Czech Republic;58001;;Jana Fiedlerová;" jana.fiedlerova@pleas.cz; jakub.jirousek@pleas.cz";2023;91051,48;
PLEAS S.R.O.;Havírská 144;Havlíckuv Brod-Czech Republic;58001;;Jana Fiedlerová;" jana.fiedlerova@pleas.cz; jakub.jirousek@pleas.cz";2024;220596,06;
PLEAS S.R.O.;Havírská 144;Havlíckuv Brod-Czech Republic;58001;;Jana Fiedlerová;" jana.fiedlerova@pleas.cz; jakub.jirousek@pleas.cz";2025;94609,95;
POMPEA SPA;VIA S. DAMASO 10;MEDOLE;46046;MN;MANUELA-VALERIA VENERI-SIG.VERGNA;manuela.turati@pompea.com;2023;5751,44;
POMPEA SPA;VIA S. DAMASO 10;MEDOLE;46046;MN;MANUELA-VALERIA VENERI-SIG.VERGNA;manuela.turati@pompea.com;2024;4904,34;
POMPEA SPA;VIA S. DAMASO 10;MEDOLE;46046;MN;MANUELA-VALERIA VENERI-SIG.VERGNA;manuela.turati@pompea.com;2025;1148,4;
POTENZA SOCKS SOCIETA' COOPERATIVA;VIA CAMPANIA 24;MELISSANO;73040;LE;;potenzacalze@gmail.com;2023;22294;
POTENZA SOCKS SOCIETA' COOPERATIVA;VIA CAMPANIA 24;MELISSANO;73040;LE;;potenzacalze@gmail.com;2024;13296,03;
POTENZA SOCKS SOCIETA' COOPERATIVA;VIA CAMPANIA 24;MELISSANO;73040;LE;;potenzacalze@gmail.com;2025;2691,6;
PPH Polexim GmbH sp. z o.o.;ul. Obywatelska 129/131;Lódz ;94104;;AGNIESKA BINIENDA-ZLOTA;abinienda@polexim.com.pl;2023;737,36;
PPH Polexim GmbH sp. z o.o.;ul. Obywatelska 129/131;Lódz ;94104;;AGNIESKA BINIENDA-ZLOTA;abinienda@polexim.com.pl;2024;11715,43;
PPH Polexim GmbH sp. z o.o.;ul. Obywatelska 129/131;Lódz ;94104;;AGNIESKA BINIENDA-ZLOTA;abinienda@polexim.com.pl;2025;13202,47;
PPHU KRAJEWSKI Sp.z o.o.;Ul. Nadbzurzanska 19;Lowicz - POLAND;99400;PL;KAMIL;"kamil@krajewski.com.pl; firma@krajewski.com.pl";2024;1483,17;
PRIMAFILA SRLS;VIA SASSARI N. 9;RACALE;73055;LE;;info@primafila.biz;2025;3235,71;
RADICI YARN SPA;VIA PROVINCIALE 1125;VILLA D'OGNA;24020;BG;CARDELLA MAURA - FORNONI KATIA;"maura.cardella@radicigroup.com; katya.fornoni@radicigroup.com";2023;38634,75;
RADICI YARN SPA;VIA PROVINCIALE 1125;VILLA D'OGNA;24020;BG;CARDELLA MAURA - FORNONI KATIA;"maura.cardella@radicigroup.com; katya.fornoni@radicigroup.com";2024;82754,98;
RADICI YARN SPA;VIA PROVINCIALE 1125;VILLA D'OGNA;24020;BG;CARDELLA MAURA - FORNONI KATIA;"maura.cardella@radicigroup.com; katya.fornoni@radicigroup.com";2025;56796,35;
RAISER TAPES - 22-23;SF No. 126, Poochakadu, K V R Nagar Main Road;641604 - TIRUPUR Tamil Nadu, 33;;;Jan Akbar R;"raisertapes@gmail.com; raiserindia@live.com";2023;350;
REMMERT SPA;VIA REMMERT 20;S. MAURIZIO CANAVESE;10077;TO;PIETRINI/MASSIMO SOL.E in39/ROBERTO;"m.solavagione@remmert.it;r.garaffi@remmert.it";2023;40286,58;
REMMERT SPA;VIA REMMERT 20;S. MAURIZIO CANAVESE;10077;TO;PIETRINI/MASSIMO SOL.E in39/ROBERTO;"m.solavagione@remmert.it;r.garaffi@remmert.it";2024;31740,74;
REMMERT SPA;VIA REMMERT 20;S. MAURIZIO CANAVESE;10077;TO;PIETRINI/MASSIMO SOL.E in39/ROBERTO;"m.solavagione@remmert.it;r.garaffi@remmert.it";2025;13373,79;
RIBBONTEX SRL UNINOMINALE;VIA PALLADIO 43;PAVIOLA DI S.GIORGIO IN BOSCO;35010;PD;ELISA PAN - SIGNORELLI - CRISTINA M;"acquisti@ribbontex.it;";2023;6798,95;
RIBBONTEX SRL UNINOMINALE;VIA PALLADIO 43;PAVIOLA DI S.GIORGIO IN BOSCO;35010;PD;ELISA PAN - SIGNORELLI - CRISTINA M;"acquisti@ribbontex.it;";2024;45278,73;
RIBBONTEX SRL UNINOMINALE;VIA PALLADIO 43;PAVIOLA DI S.GIORGIO IN BOSCO;35010;PD;ELISA PAN - SIGNORELLI - CRISTINA M;"acquisti@ribbontex.it;";2025;17055,86;
RIFRA NASTRI S.R.L.;Via Primo Maggio, 98;Concorezzo;20863;MB;ROBERTO RIVA - PIERANTONIO BUI;"roberto@rifranastri.it; pier@rifranastri.it; paola@rifranastri.it";2025;847,64;
RIMTEKS  A.S.;Omerli Mah. Ucurtma Sok.No.:1/2;Hadimkoy-Arnavutkoy ISTANBUL-TURKEY;34555;;MAURICE PARDOmpardo@rimteksorme.com;"mpardo@rimteksorme.com;jpardo@rimteksorme.com;neriman@rimteksorme.com; ";2023;196,76;
SAFTE S.R.L.;VIA ADAMELLO 13;COLLEGNO;10093;TO;FABIO VALENTI;info@safte.it;2023;36932,79;
SAFTE S.R.L.;VIA ADAMELLO 13;COLLEGNO;10093;TO;FABIO VALENTI;info@safte.it;2024;59650,43;
SAFTE S.R.L.;VIA ADAMELLO 13;COLLEGNO;10093;TO;FABIO VALENTI;info@safte.it;2025;35440,29;
SANYLEG SRL A SOCIO UNICO;VIA ALBANIA, 1/3;CASTEL GOFFREDO;46042;MN;;"info@sanyleg.com; gianni@sanyleg.com";2023;1470,46;
SARA SPORTLINE SRL;VIA DEGLI ARTIGIANI 18;CROCETTA DEL MONTELLO;31035;TV;SIG. TOMASI - TOMMASO - MAURIZIO;info@sarasportline.com;2023;50446,52;
SARA SPORTLINE SRL;VIA DEGLI ARTIGIANI 18;CROCETTA DEL MONTELLO;31035;TV;SIG. TOMASI - TOMMASO - MAURIZIO;info@sarasportline.com;2024;82689,27;
SARA SPORTLINE SRL;VIA DEGLI ARTIGIANI 18;CROCETTA DEL MONTELLO;31035;TV;SIG. TOMASI - TOMMASO - MAURIZIO;info@sarasportline.com;2025;129380,7;
SC CALZE SRL;Via Stazio 300;Andria;76123;BT;GIANPIETRO;fornitori@sccalze.com;2025;7471,4;
SERATES SRL UNIPERSONALE;Via Civati, 6;Albavilla;22031;CO;Cinzia Frigerio - Alessia;"cinzia.frigerio@serates.it; ramona.annoni@serates.it";2023;129,6;
SERATES SRL UNIPERSONALE;Via Civati, 6;Albavilla;22031;CO;Cinzia Frigerio - Alessia;"cinzia.frigerio@serates.it; ramona.annoni@serates.it";2024;10271,94;
SERATES SRL UNIPERSONALE;Via Civati, 6;Albavilla;22031;CO;Cinzia Frigerio - Alessia;"cinzia.frigerio@serates.it; ramona.annoni@serates.it";2025;6568,29;
SINFLEX S.A.S.;STRADA AL MAGLIOLEO 19;BIELLA;13900;BI;LUCA LOVERO;"lovero@sinflex.it; info@sinflex.it";2024;1400,89;
SINFLEX S.A.S.;STRADA AL MAGLIOLEO 19;BIELLA;13900;BI;LUCA LOVERO;"lovero@sinflex.it; info@sinflex.it";2025;5172,76;
SOX2SOX B.V.;TELEVISIESTRAAT 4 - UNIT 508;2525 KD - DEN HAAG - NEDERLAND;;;LEANDROS DE RUITER leandros@sox2s;"info@sox2sox.nl; leandros <leandros@sox2sox.nl>";2023;48044,91;
SOX2SOX B.V.;TELEVISIESTRAAT 4 - UNIT 508;2525 KD - DEN HAAG - NEDERLAND;;;LEANDROS DE RUITER leandros@sox2s;"info@sox2sox.nl; leandros <leandros@sox2sox.nl>";2024;6256,17;
SOX2SOX B.V.;TELEVISIESTRAAT 4 - UNIT 508;2525 KD - DEN HAAG - NEDERLAND;;;LEANDROS DE RUITER leandros@sox2s;"info@sox2sox.nl; leandros <leandros@sox2sox.nl>";2025;7448,87;
STORI B. & C. SRL;VIA ADIGE 12;DESENZANO DEL GARDA;25015;BS;STORI - S. BOSCAGLIA - M.C. RATTI;"simonaboscaglia@storyloris.it; acquisti@storyloris.it";2023;1740,82;
STORI B. & C. SRL;VIA ADIGE 12;DESENZANO DEL GARDA;25015;BS;STORI - S. BOSCAGLIA - M.C. RATTI;"simonaboscaglia@storyloris.it; acquisti@storyloris.it";2024;2300,62;
STORI B. & C. SRL;VIA ADIGE 12;DESENZANO DEL GARDA;25015;BS;STORI - S. BOSCAGLIA - M.C. RATTI;"simonaboscaglia@storyloris.it; acquisti@storyloris.it";2025;3305,02;
Scandinavia Clothing Company ltd;blvd. Cherny vrah 47A;Sofia - Bulgaria;1407;;Simeon Venev;"s.venev@trexsocks.com;";2025;3120,49;
Sheertex Inc;126 Boulevard Brunswick;Pointe claire QC H9R 5N2;;;;finance@sheertex.com;2023;269,11;
Strumpfwerk Lindner GmbH;Goldbachstraße, 40;Hohenstein - Ernstthal;9337;;Herr Schubert;einkauf@lindner-socks.com;2023;1048,34;
Strumpfwerk Lindner GmbH;Goldbachstraße, 40;Hohenstein - Ernstthal;9337;;Herr Schubert;einkauf@lindner-socks.com;2024;2098,59;
Syntesys by Sport & Fashion Srl;Via F. Ferrucci, 57;Prato;59100;PO;Marco;info@syntesysgroup.it;2024;2005,28;
TAFER dei Fratelli Tanzini G. & F. SNC;VIA MADONNINA 60;MONTICHIARI;25018;BS;TANZINI GUSEPPE;info@tafersnc.it;2024;6824,4;
TEA SRL;VIA A . EINSTEIN 17 Z.I. Bertassi;AVIGLIANA;10051;TO;SIG. MICHELOTTI CLAUDIA MICHELOTTI;"acquisti@medicaltea.it; amministrazione@medicaltea.it";2023;4516,68;
TEA SRL;VIA A . EINSTEIN 17 Z.I. Bertassi;AVIGLIANA;10051;TO;SIG. MICHELOTTI CLAUDIA MICHELOTTI;"acquisti@medicaltea.it; amministrazione@medicaltea.it";2024;3700,38;
TEA SRL;VIA A . EINSTEIN 17 Z.I. Bertassi;AVIGLIANA;10051;TO;SIG. MICHELOTTI CLAUDIA MICHELOTTI;"acquisti@medicaltea.it; amministrazione@medicaltea.it";2025;2609,58;
TERTEX S.R.L.;VIA DELLA FORNACE 2;Z.I. CAMPOVALANO, CAMPLI;64012;TE;LUIGI DI MATTEO +39 348 28 06 871;"tertex4@tertex.com; tertex10@tertex.com";2024;44,89;
TERTEX S.R.L.;VIA DELLA FORNACE 2;Z.I. CAMPOVALANO, CAMPLI;64012;TE;LUIGI DI MATTEO +39 348 28 06 871;"tertex4@tertex.com; tertex10@tertex.com";2025;146,3;
TESSILE SAN GALLO SRL;Via Repubblica, 2/C;LONATO DEL GARDA;25017;BS;;;2025;80,1;
TONOLI  SRL;VIA DELL'ARTIGIANATO  69;MONTICHIARI;25018;BS;MICHELE -  tonoli@pec.tintoriatonol;"info@tintoriatonoli.eu;  ";2023;67874,21;
TRE EFFE MANIFATTURA di Bergamini e Rubes Snc;VIA LOMBARDIA, 38;CASTEL GOFFREDO ;46042;MN;;tre.effe2008@gmail.com;2025;1999,2;
TRERE' INNOVATION S.R.L.;VIA MODENA, 18;ASOLA;46041;MN;0376718-616 / 777 Lorena;"miriam.voltolini@trereinnovation.it;giuseppe.groppelli@trereinnovation.it";2023;195607,97;
TRERE' INNOVATION S.R.L.;VIA MODENA, 18;ASOLA;46041;MN;0376718-616 / 777 Lorena;"miriam.voltolini@trereinnovation.it;giuseppe.groppelli@trereinnovation.it";2024;148154,15;
TRERE' INNOVATION S.R.L.;VIA MODENA, 18;ASOLA;46041;MN;0376718-616 / 777 Lorena;"miriam.voltolini@trereinnovation.it;giuseppe.groppelli@trereinnovation.it";2025;72438,68;
Tessuti DU-BEL s.r.l. a socio unico;VIA DEL TARIO 12;ANDEZENO;10020;TO;MASSIMO 3291816725;tessuti-dubel@hotmail.com;2023;13191,35;
Tessuti DU-BEL s.r.l. a socio unico;VIA DEL TARIO 12;ANDEZENO;10020;TO;MASSIMO 3291816725;tessuti-dubel@hotmail.com;2024;17460,49;
Tessuti DU-BEL s.r.l. a socio unico;VIA DEL TARIO 12;ANDEZENO;10020;TO;MASSIMO 3291816725;tessuti-dubel@hotmail.com;2025;13497,4;
Tutto Calze S.R.L.S.;Via Cagliari, 12;Racale;73055;LE;;tuttocalzesrls22@pec.it;2024;7573,8;
URANIA FASHION SRL;VIA LENIN, 01;CARPI;41012;MO;Samuele;"samuele@uraniafashion.it;info@uraniafashion.it;";2023;881,78;
VEROPIZ S.R.L.;Via Magenta 10;ARSAGO SEPRI;21010;VA;Andr.Veron.:Ele 223/214 V/Cr211/Lau;"ordini@veropiz.it;cristina@veropiz.it; andrea.saporiti@veropiz.it;";2023;452352,41;
VEROPIZ S.R.L.;Via Magenta 10;ARSAGO SEPRI;21010;VA;Andr.Veron.:Ele 223/214 V/Cr211/Lau;"ordini@veropiz.it;cristina@veropiz.it; andrea.saporiti@veropiz.it;";2024;338879,34;
VEROPIZ S.R.L.;Via Magenta 10;ARSAGO SEPRI;21010;VA;Andr.Veron.:Ele 223/214 V/Cr211/Lau;"ordini@veropiz.it;cristina@veropiz.it; andrea.saporiti@veropiz.it;";2025;234999,5;
VIOLASTEX SA;D. THEODORA STREET 8;METAMORPHOSIS, ATHENS - GREECE;14452;;Dimitris Tsatsos;violastex@ath.forthnet.gr;2024;370,96;
Winsocks srl;Zona Industriale PIP Capannone n. 7;Corsano;73033;LE;GIANLUCA;"winsocks@winsocks.eu;";2023;65283,89;
Winsocks srl;Zona Industriale PIP Capannone n. 7;Corsano;73033;LE;GIANLUCA;"winsocks@winsocks.eu;";2024;64183,74;
Winsocks srl;Zona Industriale PIP Capannone n. 7;Corsano;73033;LE;GIANLUCA;"winsocks@winsocks.eu;";2025;32867,28;